<Ui xmlns="http://www.w3.org/2001/XMLSchema-instance">
    <Script file="DingClassic.lua"/>
    <Frame name="DingClassicOptionsPanel">        
        <CheckButton name="DingClassicOptionsPanelCheckbox" inherits="InterfaceOptionsCheckButtonTemplate">
            <Anchors>
                <Anchor point="TOPLEFT" relativeTo="$parent" relativePoint="TOPLEFT" x="10" y="-10"/>
            </Anchors>
            <Size>
                <AbsDimension x="20" y="20"/>
            </Size>
            <Text inherits="GameFontNormal" text="Enable Ding Messages"/>
        </CheckButton>
        <CheckButton name="DingClassicOptionsPanelCheckboxYell" inherits="InterfaceOptionsCheckButtonTemplate">
            <Anchors>
                <Anchor point="TOPLEFT" relativeTo="DingClassicOptionsPanelCheckbox" relativePoint="BOTTOMLEFT" x="0" y="-10"/>
            </Anchors>
            <Size>
                <AbsDimension x="20" y="20"/>
            </Size>
            <Text inherits="GameFontNormal" text="Send to Yell"/>
        </CheckButton>
        <CheckButton name="DingClassicOptionsPanelCheckboxSay" inherits="InterfaceOptionsCheckButtonTemplate">
            <Anchors>
                <Anchor point="TOPLEFT" relativeTo="DingClassicOptionsPanelCheckboxYell" relativePoint="BOTTOMLEFT" x="0" y="-10"/>
            </Anchors>
            <Size>
                <AbsDimension x="20" y="20"/>
            </Size>
            <Text inherits="GameFontNormal" text="Send to Say"/>
        </CheckButton>
        <CheckButton name="DingClassicOptionsPanelCheckboxGuild" inherits="InterfaceOptionsCheckButtonTemplate">
            <Anchors>
                <Anchor point="TOPLEFT" relativeTo="DingClassicOptionsPanelCheckboxSay" relativePoint="BOTTOMLEFT" x="0" y="-10"/>
            </Anchors>
            <Size>
                <AbsDimension x="20" y="20"/>
            </Size>
            <Text inherits="GameFontNormal" text="Send to Guild"/>
        </CheckButton>
        <Frame name="DingClassicOptionsPanelDropdown" inherits="UIDropDownMenuTemplate">
            <Anchors>
                <Anchor point="TOPLEFT" relativeTo="DingClassicOptionsPanelCheckboxGuild" relativePoint="BOTTOMLEFT" x="-10" y="-20"/>
            </Anchors>
            <Size>
                <AbsDimension x="150" y="32"/>
            </Size>
        </Frame>
        <Button name="DingClassicOptionsPanelTestDingButton" inherits="UIPanelButtonTemplate">
            <Anchors>
                <Anchor point="TOPLEFT" relativeTo="DingClassicOptionsPanelDropdown" relativePoint="BOTTOMLEFT" x="0" y="-20"/>
            </Anchors>
            <Size>
                <AbsDimension x="150" y="25"/>
            </Size>
            <Text inherits="GameFontNormal" text="Test Ding Message"/>
        </Button>
    </Frame>
</Ui>